mean radius,mean texture,mean perimeter,mean area,mean smoothness,mean compactness,mean concavity,mean concave points,mean symmetry,mean fractal dimension,radius error,texture error,perimeter error,area error,smoothness error,compactness error,concavity error,concave points error,symmetry error,fractal dimension error,worst radius,worst texture,worst perimeter,worst area,worst smoothness,worst compactness,worst concavity,worst concave points,worst symmetry,worst fractal dimension,target
-0.6143286519457122,-1.239426226701388,-0.5977085169817282,-0.6628326505368274,0.031492998198761356,-0.019699852635262277,-0.6571202259132731,-0.5407111858235274,-0.7838367245208404,0.3765210719348716,-0.7577906501819462,-1.1237061829956294,-0.7383249187511389,-0.6343870543839225,-0.7576517233255878,-0.5134281733523565,-0.8703238855522508,-0.7933583071321013,-0.8982732579574649,-0.41310767252085295,-0.503055229103658,-1.2246203194133685,-0.4841419206185395,-0.6042812038689379,0.0676946620457356,0.14827261820809387,-0.49058465001824325,-0.27326073561262976,-0.6817300261528428,0.6833985116944172,0
-0.1310264730356657,-0.3718722716893257,-0.22632564383877277,-0.22281802239398937,-1.604571887647177,-1.2882675327593784,-1.0864270325531191,-1.0881198415894564,-1.1923949365282505,-1.1566805290305702,-0.9049883823258266,-0.4617440472744219,-0.9108829507265316,-0.6547072346100613,-1.405334199001702,-1.150774524694947,-1.0614135548744639,-1.488885009040916,-1.1201684027997811,-1.2484093028785823,-0.2424466544072196,0.5885434384434708,-0.32690647041089266,-0.3316124657033739,-1.3063170766804726,-0.8360251064047586,-0.7365985585418803,-1.0975127288557707,-0.5531832289050552,-0.9931353593767008,0
-0.7104550521709152,0.1597763915492639,-0.7626382150859666,-0.7160378577220073,-1.3683329220676288,-1.214985853019469,-1.2182170271054071,-1.2891484028428308,-0.35040975178254324,-0.9600812142139858,-0.878799828754216,-0.7632404151960821,-0.8953812835514372,-0.6833638990315389,-1.2498356035723228,-1.0450561823111393,-1.027716939078806,-1.1944246717000562,-0.7267601025237908,-1.276018712509454,-0.6275249961228526,0.35036651557975995,-0.7031484405506186,-0.642194847938497,-1.2642983690741665,-0.70213792311448,-0.8195512251924324,-0.6977614770966497,-0.1278847826916287,-0.8400206266974892,0
-0.2805564289415362,-0.4467864015093085,-0.33265679038126983,-0.36579125686790875,-0.5957874849394798,-0.761875515157765,-0.6934554109445227,-0.7215383475391853,-1.1426574150664792,-0.5122716637984339,-0.4347984894654154,-0.1131771494799083,-0.46378223430802024,-0.3714404487226057,-0.6771623622553145,-0.7535716664957319,-0.3550642414869979,-0.7559254464390921,-0.9711663490167766,-1.0738616792800202,-0.3066263780264921,-0.016962682357934744,-0.38586976423876035,-0.3650383723116383,-0.6256140134583144,-0.6692334458651743,-0.4493453243119686,-0.6852300898941692,-1.1015583958876403,-0.9327588875000399,0
-0.5716058074011776,-0.9349365377556499,-0.5589015291924956,-0.6166878499923351,0.6844516297695622,-0.021465676243452667,-0.41728402108654333,-0.49710572584577334,0.09012258116457769,-0.21873796459311787,-0.31740152517888515,-0.7924626400613853,-0.4911141211693707,-0.4192015560917352,-0.19799378294760234,-0.17446701291550032,-0.29023024653838986,-0.06643630270656949,0.004314722512245978,-0.6166685740366021,-0.5380623510778064,-1.021666744297108,-0.5459129903429721,-0.5832352626711418,0.49208360886942665,-0.010576582305795987,-0.28675809767688665,-0.2873585462154203,-0.026688367836986814,-0.4482980771617134,0
-0.5983075852415121,-0.9639355557504823,-0.5771408134534355,-0.675944834298104,0.17088866111837037,0.3988003425059063,-0.40385319361624655,-0.40940208882836976,0.793553241838207,0.8543666287807357,-0.825218650182415,-0.12017648477698689,-0.7481154453880406,-0.6458497201525136,-0.33191437945175917,0.24454197856914758,0.046735911418191244,0.09399024312061251,-0.12753601572739098,0.25606954395620735,-0.662532118097001,-0.20649783928469018,-0.6498006985158812,-0.7006901845029596,0.27358632931663474,0.6180123968705962,0.3896616469536148,0.1512400058713897,0.7418573774104263,0.8234719264482704,0
-0.8893569637011535,0.3748524416776026,-0.9357173806259442,-0.8590110921959265,-0.7131733063454656,-1.262663090440615,-1.0262281451416102,-1.1233491115149865,-1.0573930925605843,-0.30748071086449225,-0.884218150182825,0.20529260653716738,-0.9422942236865912,-0.69482656480013,0.19520530857866886,-0.9898507815885241,-0.6259167861736167,-0.8426937825155142,-0.44054752439384687,-0.6475536763355434,-0.9075819719160401,0.8736848249704475,-0.9968417993313298,-0.8500235172667333,0.10130962813078025,-0.9971435812117039,-0.7759418232961421,-0.977994623412115,-0.3535254374350866,-0.3951667819102517,0
-0.7131252299549485,-0.3114576508667587,-0.7758325909343058,-0.7099860806014182,-0.7183089360319775,-1.169604186288971,-0.8886820816734807,-0.9425219497993286,-1.011208251203225,-0.8453982805709785,-0.18284654303509262,-0.20241867451766019,-0.25491766605411703,-0.28616516247445084,-0.3171865389154965,-1.066586288592959,-0.7031204248953143,-0.7524754131954969,-0.5766860915193257,-1.0036682649642448,-0.22883277363949517,0.2866290291796122,-0.30725203913493715,-0.32387498732183123,0.025675954439429514,-0.9840952540266343,-0.5545767071486689,-0.6225731538817678,-0.27831188585393396,-0.7313429773194996,0
-0.7531778967154498,-0.1543796367280839,-0.718398249006242,-0.7609218713663769,0.2809378686864829,0.255768630242469,-0.41032877114656824,-0.27242674562141356,0.32459946805578715,0.6714200441597487,-0.48175727518002753,-0.7660401493149136,-0.5465937721118138,-0.4957930046364121,-0.6360614119215579,-0.46815974475981226,-0.6886180839199678,-0.7322927187204642,-0.36336660444869323,-0.3255998826738527,-0.34552318021999023,-0.027026496000063144,-0.40552419551471625,-0.4575786137548887,0.5677172825607774,0.25152459854212217,-0.07108116438545141,-0.10252058497883598,0.8909169614530744,0.6689081584440189,0
-0.494170651664209,0.19360857920990157,-0.4735261560561844,-0.539527691704823,-0.14972136359673047,-0.3410797493259488,-0.009442554778689704,-0.41038752295216074,0.008410938763095671,-0.2255643296909161,-0.735816346610365,-0.42639740402417525,-0.45276789184150573,-0.607293480749071,-0.3600000288464927,-1.7946632036905618e-05,0.43318064446713095,-0.37866431125194494,-0.032131823017409814,0.0043091646102925854,-0.635304356561552,0.368816840590329,-0.3184831427211974,-0.6240891485256871,0.2147601386678069,0.5431263451997626,0.6503700278553495,-0.17300963799278765,0.6885241317437907,0.6061166276922918,0
-1.1590449198885275,-0.6715287909692578,-1.196500338569587,-1.0486334419743875,-0.0433404629475546,-1.235645989235299,-1.2691822206310872,-0.9235523429163508,-0.9366019690105678,-0.00439010052225974,0.344837760540004,1.4739221291326619,0.15138918937730395,-0.18699573590073093,-0.4565872621308207,-1.0986054210120757,-1.0780485930520671,0.08881519325521946,-0.5177284443390001,-0.5871873400239763,-1.1273489043093055,-0.8002628441702784,-1.1917014465529494,-1.0047730848975869,-1.0836179263670507,-1.4087899379719837,-1.517775670771079,-1.3180651436194237,-1.5172842082634652,-0.9515963467255582,0
-0.2672055400213694,0.26610612419698215,-0.33265679038126983,-0.338306102445233,-0.7124396449616784,-1.0295743741594579,-0.9612325336335664,-0.9681432370178958,-0.9472600093238044,-0.8276497313167038,-0.6620669716098523,-0.7502916448964868,-0.6812135133692123,-0.5204551037142899,-0.7720370559424025,-1.084804070831422,-0.9368640382626644,-0.7905982805372253,-1.0322679106400232,-1.115509771774047,-0.205494692323396,0.5918980429908469,-0.2763665042727206,-0.2675461447042006,-0.024746494688138027,-0.6941954630887857,-0.5223436709644546,-0.04299649576705466,-0.5641233818623134,-0.48887106626282983,0
-0.26186518445330276,-1.0243501765730494,-0.2736701689416365,-0.32872412200429996,-0.8444986940434132,-0.586882395586078,-0.6857806523900674,-0.7846061314618126,-1.0254189716208746,-0.4153372794097022,-0.7806680073249624,-1.5758632431869064,-0.7313899623833336,-0.5807209373764279,-0.49905824414236916,-0.5940280584073746,-0.7508928422258677,-0.9565448795541596,-0.5734702198549443,-0.5296287402850405,-0.2696744159426685,-1.328613060382031,-0.2763665042727206,-0.33021971959469626,0.4038443228961843,0.028568399249412648,-0.23082429959251452,-0.4784622010532445,0.44784076668410316,0.4129119176869769,0
-0.02154918389029594,0.5609294738111089,-0.12154677680784473,-0.12397232942436634,-1.3360518211809829,-1.1023263068169098,-1.1955525057492813,-0.9708531808583212,-1.259895858512084,-0.8099011820624291,-0.4543646501798371,-0.13242532154687425,-0.5306841663268484,-0.33635774440055427,-0.9932971719057923,-1.141720838976438,-1.1509868373692513,-1.0719484915524229,-0.6410035248069536,-0.45428780891944126,0.006492879631169538,0.9592272409285416,-0.10509217458224854,-0.08184666354717629,-0.8987356128993039,-0.9812586611603149,-1.1162847641824072,-0.8771169564321486,-0.1907906621958653,-0.2092072485301366,0
-0.4487776293356411,-0.277625463206121,-0.4405402164353364,-0.5155727406024908,-0.2018113218456372,-0.26514933417375375,-0.4653711801543027,-0.35101511699375004,-0.012905141863377555,0.13623302049238054,-0.7252807216102918,1.0294643377681714,-0.56739864121523,-0.5736001904595758,0.3685143158193426,-0.05522334735465197,-0.20406927956721324,0.07501506028083818,-0.6388596103640327,0.20553028564884912,-0.5497313917358563,0.4526819542747341,-0.5066041277910603,-0.5826162644006184,0.15173207725834778,-0.14446376559607452,-0.293868326246934,0.011828323243796646,-0.5053200597170491,0.22598636075683498,0
0.3335844613861478,0.5174309468188608,0.20055122184278548,0.21719660574884864,-1.0015022301739205,-1.169251021567333,-1.244479091533934,-1.090583426898934,-1.1319993747532417,-1.3423576596906772,-0.39054886446510784,0.0950530756081797,-0.48540298063117815,-0.2686238103134251,-0.4120612326025844,-1.0428479662822345,-1.089138618503803,-1.0581483585780416,-0.6935294286585164,-1.1393755326414108,0.13485232686971385,0.5549973929697083,0.01844996486661642,0.023383042441804124,-0.6508252380220981,-1.0181343684224677,-1.2338405432071895,-1.1496746280860948,-0.8690801455458959,-1.144801056730873,0
-0.5662654518331109,-0.3138742356996609,-0.5709316954071578,-0.624000414013047,0.42033353160609194,-0.27927592303927834,-0.24088449243648366,-0.19728739368234577,-0.7589679637899543,0.3464850655045605,-0.932079989468872,-0.5413614862786909,-0.8831431252553101,-0.7125415937152254,-0.5531744954151487,-0.6646909713323218,-0.6886180839199678,-0.7310852070852059,-0.8950573862930837,-0.546007203625388,-0.4116477439489373,0.4426181406326057,-0.383061988342195,-0.5162286998869823,0.9164725556931177,0.163022901112955,0.12089500700582607,0.42223125412502605,0.12510625444497564,0.804151455447739,0
-0.6997743410347813,-0.02388405575133935,-0.6764867021938704,-0.7256198381629401,0.09752252273962868,-0.06384544284002694,-0.3164328969569035,-0.44955852937285506,-0.5777812784649289,0.17582593805960905,-0.9555593823261782,-1.174626347281876,-0.9063956260179518,-0.718272926599521,-0.5350215756844062,-0.41737077609500645,-0.3200880073699856,-0.20443763245038196,-0.7299759741881722,-0.38643417508085814,-0.7053186005098492,-0.35913234619030754,-0.568375197515493,-0.7157008925631525,0.9038669434112261,0.5357512037473319,0.5764236507268576,1.0973597396586514,-0.38361085806754736,0.8814333394498651,0
-0.6650620298423472,0.9814152347361759,-0.6900691479201021,-0.666362853857171,-0.3954979271655143,-0.777061598188204,-0.5568686922957001,-0.6835991337732298,-0.9721287700546906,-0.5723436766590572,-0.22258090017822593,0.04780756235289938,-0.3695484154278411,-0.2906807580802594,-0.3620550763631808,-0.8319633355218451,-0.49155686243143565,-0.6700196186735692,-0.6356437386996513,-0.7757736464856934,-0.42137194449731197,1.1923722569711879,-0.5318741108601466,-0.4586618607283047,-0.5457784690063329,-0.7588697804408693,-0.30571870719701283,-0.5849789922743269,-0.5969438407340892,-0.7187846711691543,0
0.5151565507004194,-0.9832682344137034,0.4527966424727972,0.36067415498281696,-0.7924087357945074,-0.10445938582841031,-0.2840550093052951,-0.24877632665042843,-0.5777812784649289,-0.6965835214389818,-0.6978880966101014,-1.1760262143412918,-0.7530107087064916,-0.41868052582952653,-0.9631564749943706,-0.7922154470015624,-0.3516519259633869,-0.6989998979197697,-0.8178764663479302,-0.7378692027551746,0.23792885268248382,-1.0300532556655486,0.16164653559143807,0.13789772248863577,-0.5541822105275943,-0.34869845197107546,0.22565237460452325,-0.03516437876550447,-0.33574768887954115,-0.3188509214581524,0
-0.21914233990876816,0.36035293268018687,-0.2682371906511439,-0.3438535648057729,-0.7117059835778914,-0.4223076353027156,-0.9466025251391359,-0.985634692715187,-0.5529125177340428,0.03656809006452974,-0.9784367394691942,-1.3422604276469083,-0.9883912866020036,-0.7007315744384952,-1.2464105243778432,-0.8833043581938771,-0.8639257939454804,-1.3448461211208118,-0.9497272045875674,-0.6728233054892225,-0.26383989561364357,-0.021994589178998644,-0.38586976423876035,-0.3555986486861562,-0.3945111216236314,0.01041420490496822,-0.08719768247755873,-0.5191892094613055,0.1196361779663462,0.4283682944874021,0
-0.018879006106262117,-1.307090602022663,-0.001245114661223983,-0.13557156890549535,-0.3932969430141529,0.14099009571008086,-0.14734837255405922,-0.054892162794539005,-0.357515111991368,-0.4289900096052978,-0.5819962216092958,-0.9013023039309572,-0.46419017291789105,-0.462099714346917,-0.37335783770496384,0.13799555517450054,-0.036012740029374116,0.13539064204375634,-0.6334998242567302,-0.41731927737979946,-0.07713524508485169,-1.0367624647603009,-0.09105329509942295,-0.20564631765185915,0.16853956030086953,0.6792828027830964,0.5413465231146242,0.6634604577727715,-0.09369680470019567,0.11537666427879228,0
-0.782549852339817,-0.5458663796583184,-0.7703996126438133,-0.7876505536489792,1.13932168771776,-0.10622520943660095,-0.12096639002311887,0.018769037958842244,0.8717122041352762,0.6645936790619494,-0.7325051501817704,-0.6456515822051617,-0.7628012353433933,-0.618756146517662,-0.1359998495275196,-0.36382153739406997,-0.38150968679498265,-0.28551341367487176,-0.33763963113364204,-0.17304619556090053,-0.6780908389744003,-0.03541300736850377,-0.6947251128609233,-0.6862984747132903,1.6433961972822129,0.5022794079247624,0.5650472850147822,0.8310677616059455,1.111087539717903,1.403086056464215,0
0.18138432769624346,-0.5120341919976807,0.13457934260109,0.09918695189735953,-0.8525689692650746,-0.658574834078616,-0.5812120670856131,-0.16944887968524877,0.03683237959839364,-1.0324406842506455,0.20636954625332707,0.2245407786041337,0.14771774188846565,0.1296169867680806,-0.2760855885817398,-0.28984630042576576,-0.5005141906809145,0.38551805220441604,0.03540148193459967,-0.2432396098766761,0.173749129063212,-0.3121678825270405,0.08864436228074438,0.08837786084676262,-0.9533599327875016,-0.6590217115464243,-0.7091056747376974,-0.13071620618441657,-0.3795083007085751,-0.8004136611463997,0
0.24279841672901195,-0.15921280639388916,0.15010213771678327,0.14457528030177835,-0.9207994779573043,-0.9901965076968078,-0.7577315138380861,-0.4616300973892954,0.5093388334852254,-1.4570405933336845,0.16663518911019376,-0.7126702176746893,0.13833515386143497,0.14906878322387135,-0.647706681182789,-0.8236825254134529,-0.7905610101878449,-0.44421494288025587,0.25300879789107367,-0.6700155689165915,0.12512812632133916,-0.5218306667380533,0.06898993100478887,0.011003077031335842,-1.1928665661434459,-1.0181343684224677,-0.892075556606915,-0.7228242515016101,0.25638808993207823,-1.1670195983814844,0
-0.37935300695077256,-0.19062840922162463,-0.4304503996101363,-0.40966664099218025,-0.11744026271008444,-1.0085610732219898,-0.7043679582641388,-0.49390306494345243,-1.0538404124561724,-0.5027147526615166,-0.17381600732074412,-0.039684128860583055,-0.23329691973095915,-0.25142981166053846,-0.4148012959581683,-1.01193294187757,-0.7683809592843738,-0.4683651755854233,-0.6946013858799768,-0.9021217922540894,-0.016845201684929617,0.45603655882211025,-0.11632327816850876,-0.10041661166287871,0.2903938123591577,-0.7997167177158695,-0.42659259288781737,0.08075095285743802,-0.08002161350362247,-0.32319802743327236,0
0.32023357246598055,-0.9276867832569424,0.2781651974212506,0.2048408941276458,0.03882961203663573,-0.4417316949928121,-0.07299914905777306,0.2683302298089257,-0.24738202875458798,-0.9245841157054365,-0.6656791858955917,-0.7102204503207118,-0.6420514068216054,-0.4558473512004128,-0.7439514065476689,-0.8236825254134529,-0.6259167861736167,-0.20443763245038196,-0.7117527014233443,-0.7724979538176239,0.13485232686971385,-0.515121457643301,0.09425991407387509,0.029573025147038266,0.08870401584888865,-0.4967685995929513,-0.20664952245435367,0.46922395613432716,0.06903797053902563,-0.372948240259641,0
-0.2591950066692689,2.1486257090281704,-0.3540006336653482,-0.3214115579835881,-1.2524144234292172,-1.4667922995474463,-1.0292260977019443,-1.1147265629318148,-0.10882750468250904,-1.3601062089449518,-0.1876628287494118,0.6375015611317705,-0.29530358843133653,-0.2517771651686775,-0.03358998161257588,-0.8656386299626403,-0.558950094022752,-0.8138860049314935,1.1716761366826922,-1.0588870842259883,-0.3688612615360887,1.4674498298560357,-0.4897574724116698,-0.4201292183882222,-1.0373973480001137,-1.3014532639104555,-1.0745714232381296,-1.4097009125375608,0.19895228690647032,-1.3138551779855232,0
-0.7211357633070485,-0.09638160073841995,-0.6671730251244548,-0.7319237726635538,0.7578177681483039,0.31404080931275824,0.14165425426215,0.22373933570738078,0.8290800428823297,1.4127632937806156,-0.4209516680367477,-0.5810827140896119,-0.27490665793779134,-0.45515264418413454,-0.5189237034703514,-0.40301737190712655,-0.14819261286808402,-0.08023643568095076,-0.37837400554913986,-0.003646089012162223,-0.5341726708584567,0.2514056814321619,-0.39990864372158597,-0.5547613422270647,0.7525995960285247,0.3264106502129558,0.6124488088150977,0.7731100957944741,0.6803190170258469,1.064977813954914,0
0.00248241616600469,-0.6932780544653818,-0.02841000611368689,-0.08564440766063477,-0.22455482474304642,-0.272212628606516,-0.45829601211191423,-0.3253938297751827,-0.07685338374279921,-0.05763574828508379,0.5251474569698286,0.12130058297222462,0.31252494027631145,0.24667511901096525,-0.05448296469890224,-0.5835390322700775,-0.312410297441861,-0.3683142115211591,-0.1961412779008609,-0.2708490195075478,0.1484662076374383,-0.4849300167169152,0.04091217203913768,0.046595477586432156,-0.33988680173543373,-0.592645438474549,-0.4796822995441706,-0.5348534434644059,-0.40412364486240715,-0.35121271038404284,0
-0.40071442922303985,0.5730123979756225,-0.4603317802078452,-0.4595938022370408,-0.9868290024981727,-1.1081535247239387,-0.5850494463628408,-0.49094676257207925,-0.9081805281752688,-1.1935429005586795,-0.34539618589336535,0.6375015611317705,-0.3479276691046832,-0.4666153099527257,0.4736642470898698,-0.691741617686403,-0.17506459761652018,0.33721758679408187,-0.3408555027980236,-0.5343083012394255,-0.6547527576583014,0.595252647538223,-0.7115717682403139,-0.6881554695248605,-0.348290543256694,-0.9642391039623982,-0.5398822347705712,-0.31085489722007087,-0.8348921675544628,-0.9897542769516078,0
0.39232837263488246,-1.4182535043361861,0.3557791729997158,0.2726712293542494,-0.13211349038583217,-0.2368961564427043,-0.406971064278994,0.16978681742982077,-0.5102803564810954,-0.1927977772214849,0.21028277839621132,-0.7702397504931607,0.3622934506805618,0.02124269222867389,-0.44596951662793366,0.02096010564255671,-0.16738688768839557,-0.045736103244997564,-0.1425434168278376,-0.12671854211248862,0.16596976862451251,-1.4493788240875742,0.20657094993647981,0.037310503528580945,-0.587797176612639,-0.26586994027454725,-0.6280490690391579,-0.15891182738999715,-0.45335433317007057,-0.4666525246122185,0
-1.3753293203952337,0.104194940392503,-1.3168020007162078,-1.1999278699891167,1.6455480425310776,-0.1291809163430785,-0.3392173364154428,-0.3928960672548697,0.04393773980721837,0.7915640698809933,-0.88451916803997,0.28928463010211053,-0.7933966310837111,-0.7451928234803031,0.38872228306677287,-0.6795964295274278,-0.5137369133349068,-0.5925663723548542,-0.7514151186173814,-0.4552237211103182,-1.2284805900124007,1.2041133728870048,-1.1321765975457687,-1.066053913679405,2.1602263008397764,-0.33054425762663103,0.099090306057681,-0.20903737619991844,-0.16891035628134832,0.34818833983519676,0
-0.782549852339817,0.21535784270602568,-0.7921315258057836,-0.7954674324297403,-0.22969045442955838,-0.4311367533436685,-0.6007587177789917,-0.49562757466008683,-0.4854115957502093,-0.15457013267381642,-1.0133548108980086,-1.1380548203546406,-0.9924706727007125,-0.7882646584895544,-1.2258600492109648,-0.8893769522733647,-1.0012714937708211,-1.1992547182410898,-1.012972680653735,-1.0729257670891432,-0.569179792832605,0.2899836337269883,-0.6189151636536651,-0.7152366438602599,0.4542667720237507,0.35364194172962277,-0.04074418915324944,0.07761810605681829,0.8280110819488379,0.35398448113535597,0
-0.371342473598672,0.16219297638216698,-0.3990167395008578,-0.4792620778789558,0.9852527971224023,0.13039515406093755,-0.040621261406164455,0.2116677676909403,0.5128915135896372,0.6386534916903175,-0.32462595375036396,-0.19716917304485143,-0.4209486802715752,-0.34365216807147575,-1.1200251021015417,-0.07730550764369803,-0.5235473204652883,-0.18718746623240523,-0.2583147967455679,0.04455338881800357,-0.2502260148459191,0.42584511789572443,-0.33252202220402294,-0.3364097022999304,-0.11298578066138035,0.5726269110094848,-0.10758033771169423,0.43319621792719637,0.8348486775471244,0.9925260477029209,0
-0.09364398405919784,-0.16162939122679224,-0.1254274755867683,-0.21600977313332673,0.163552047280496,-0.15390244685774687,-0.21570169092967714,-0.19753375221329378,0.1860449439837092,0.01745426779069503,-0.551292400180511,-0.5980561021850274,-0.6212465377181893,-0.4808568037864298,-0.740868835272637,-0.34284348511947615,-0.6037367352701456,-0.8915117529123878,-0.3065528717112887,-0.4126397164254144,0.07845196368914084,0.3570757246745122,-0.04612888075438082,-0.1777913954783055,0.660158439294651,0.6804174399296243,0.07681158987153282,-0.12288408918286638,1.2382668178460332,0.8476225151989347,0
-0.4888302960961423,0.39418512034082454,-0.4680931777656918,-0.5475967278656086,0.2589280271728608,-0.24219362726727595,0.16323951269655596,-0.2771075577094211,0.15407082304399836,-0.42079837148794047,-0.986564221612108,1.0294643377681714,-0.763617112563135,-0.7179255730913818,-0.27951066777621936,-0.22746419760921088,0.3606689395903983,-0.1802873997452146,-0.6506511398000977,-0.1201671567763497,-0.7519947631420472,1.0246420296023777,-0.6526084744124466,-0.7344255902464858,-0.06256333153381281,-0.3106881075623948,0.19910752127634662,-0.30615562701914084,-0.5326704421101954,-0.25799143780647843,0
-0.9133885637574541,0.7059245637852701,-0.8980746024703886,-0.8774185809377186,0.8752035895542898,-0.051484677582692734,-0.23848613038821645,-0.09628039599376319,0.07946454085134108,0.40928762440430283,-0.31589643589316035,-0.14817382596530126,-0.34262446717636147,-0.4066968297987268,0.29179254186299686,-0.19158068713951104,-0.3525050048442896,-0.1561371670400475,-0.45341101105137227,-0.19270035156931767,-0.4019235434005626,0.8904578477073288,-0.4420252821700627,-0.48682628203712014,1.9165177967232012,0.44271095773205377,0.0995643212956841,0.2483582566906121,0.40408015485506843,0.6882286294445502,0
-0.10699487297936507,-0.14712988222937645,-0.17975725849169358,-0.20264543199202545,-0.3155288363326864,-0.7262058782723153,-0.8005422763996575,-0.5111481621097959,-0.9401546491149797,-1.0119615889572517,-0.48326236446575227,-0.19716917304485143,-0.5551604829191028,-0.32819493695928487,-0.7888199439953532,-0.4041214799215788,-0.7871486946642341,-0.696584874649253,-0.5477432465398933,-0.7406769393278057,0.1854181697212612,0.7814331999176024,0.04933549972883336,0.10230532193353944,0.0803002743276272,0.15110921107441333,-0.4322807757438551,-0.025765838363644423,0.4779261873165639,-0.12274814080275828,0
0.1333211275836422,1.7305565329360064,0.09577235481185745,0.02807857073043689,-1.1533701366179157,-0.4735165199402426,-0.48179996018493376,-0.48330964811269866,-1.039629692038523,-0.8767995600208497,-0.22288191803537102,-0.3284067098650749,-0.1394710394606511,-0.19672163412862645,-0.35143733086029344,0.4062938026864097,0.3969247920287648,0.30444227097992654,-0.7932214502543394,-0.056525127796713065,-0.03434876267200381,0.9994824954970553,-0.023666673581859952,-0.12208155113119822,-1.0752141848457892,-0.10588610261412972,-0.1947991415042748,-0.21843591660177847,-1.1890796195457085,-0.5144706903385334,0
-0.6383602520020127,-0.021467470918437148,-0.6066341241732518,-0.6784664080983496,1.3667567166918595,0.6248257643543013,-0.4680093784073968,-0.3150467714753766,1.1132944512353102,1.584787694245128,0.15971177839586,0.20004310506435863,0.03635050139370883,-0.15486553639786194,0.6425206513777199,0.0187518896136522,-0.5593766334632033,0.11641545920398201,-0.6131326370489815,0.6547681372698126,-0.40775806372958756,-0.003544264168429612,-0.4757185929288442,-0.47336306965323577,1.0887492568789723,0.2276972184650388,-0.5384601890565619,-0.002269487358993863,0.14835407947914978,1.2678427594604942,0
0.7234304178550246,-0.2268771817151645,0.5847404009561882,0.6430904206103119,-0.8100166090054047,-1.2409434600598706,-0.6294191442557859,-0.35002968286995884,-1.1817368962150139,-1.7669575687737162,-0.6084857930380514,-0.7606156644596778,-0.5727018431435517,-0.40183388068477904,0.2198658787789228,-1.0384315342244252,-0.5017938090022686,0.142290708530947,-0.13718363072053513,-1.0935158352884373,0.1562455680761378,-0.647628337264661,0.04091217203913768,0.05123796461535777,-0.6382196257402065,-1.2030802233064966,-0.7602993204420381,-0.41267241824022327,-0.7118154467853043,-1.5205842176912103,0
-0.6650620298423472,0.9113342745819983,-0.7013231743789792,-0.6918307492396505,-0.5642400454366209,-0.8916635503597732,-0.9573951543563386,-1.0294865112238887,-0.43212139418402523,-0.21873796459311787,-0.9013761680400872,-0.4508950775639503,-0.8219523337746744,-0.6955212718164083,-0.9730892046583619,-1.0053082937908564,-0.8545419262555503,-1.194597173362236,-0.7878616641470372,-1.1922545714259616,-0.4408203455940607,1.2544324410976473,-0.4027164196181509,-0.548107110818938,0.3198069076835722,-0.2250230029995471,-0.008511152969035065,-0.357847599229372,0.5230543182652551,-0.47582974833747077,0
0.03719472735843873,-0.5192839464963891,0.11517584870647372,-0.10556484068257409,0.4643532146333371,0.9020600708402229,0.7448423094013753,0.44053484294141215,-0.023563182176615155,0.5376232882429057,-0.7319031144674806,-0.6043555039523982,-0.5315000435465903,-0.5520642729549502,-0.8103979429205753,0.26828030087987204,0.030953952121490512,-0.2958635134056576,-0.718184444752107,0.031918574241164316,-0.11797688738802503,-0.515121457643301,-0.018051121788729637,-0.265998649027892,-0.12559139294327196,0.808631437487264,0.5745275897748452,0.27342103109557253,-0.43420906549486793,0.8427923974488024,0
-0.17107913979616643,-0.34770642336029856,-0.1603537645970773,-0.24727728825637074,0.6551051744180657,-0.12035179830212554,0.16683705576895685,0.20279886057682087,0.1718342235660597,-0.6747391531260281,-0.16899972160642496,-0.8342836684614298,-0.27449871932792047,-0.20088987622629584,-0.23601216200632716,-0.8341715515507497,-0.4207513153165086,-0.49596544153418554,-0.7085368297589628,-0.7261703003692119,0.02010676039889399,-0.36248695073768367,-0.074206639720032,-0.07256168948932508,0.6349472147308667,-0.503009103898854,-0.01088122915905084,-0.06805927017201507,-0.3425852844778277,-0.41835134711088984,0
0.3843178392827819,-0.38637178068674144,0.3596598717786388,0.2638457210533902,-0.7770018467349715,-0.16449738850689022,-0.3488107846085121,0.055230100539111024,-1.3380548208091532,-1.0911474240917087,-0.401385507322326,-0.7602656976948237,-0.2769463509871458,-0.3325368558110239,-0.28738834992352286,-0.23519295371037685,-0.46340525936164534,-0.06126125284117643,-0.4973612571312514,-0.6339829495678266,0.245708213121184,-0.38932378711669335,0.3357286411784751,0.055880451644283374,-0.05836146077318267,0.07905975226989913,-0.14502754151394354,0.5976706749597499,-0.2181410445890117,-0.4917691369129091,0
-0.08563345070709778,-0.7319434117918248,-0.08662048779753574,-0.16633476926849045,-0.23262509996470793,0.0014900306630248564,-0.39749753418833816,-0.162058123756816,-0.14435430572663174,-0.28427106953197934,-0.07417909660576577,-0.48606673743177004,-0.08276757268859525,-0.0992889750956022,-0.3966483762274257,0.5884716250710391,-0.4301351830064386,-0.16993730001442878,-0.053570967446618975,0.061399808253789906,0.245708213121184,-0.14779225970560633,0.2514953642815215,0.14873019222279552,0.004666600636276469,1.320920109144558,0.07159742225349817,0.3956020563197553,0.9633954747949119,0.7703406311968093,0
-0.19511073985246755,0.44493340183178104,-0.21856424628092616,-0.2994738659214522,-0.6067924056962908,-0.45056081303376505,-0.2456812165330184,0.05399830788437201,-0.5884393187781656,-0.2637919742385846,-0.6548425430383735,-0.7373428745968913,-0.6901881627863722,-0.5286179111555592,1.0114016806231851,-0.30419970461364565,0.3120434433789425,0.6597956950702435,0.44274522608957595,-0.8754482948140947,-0.5302829906391069,-0.38932378711669335,-0.5627596457223627,-0.57565253385723,-0.5793934350913775,-0.7282345774846192,-0.4588256290720317,-0.12758335938379642,-0.7268581571015347,-0.9936183711517146,0
-0.35265122911043856,0.7300904121142973,-0.3272238120907772,-0.4505161365561573,1.2420342814479983,0.3316990453946641,-0.07179996803363921,0.4348685967296134,0.24999318586312985,0.4966650976561181,-0.5199865430374361,0.03205905793447235,-0.537211184084783,-0.42788539379521334,-0.07743099530191641,-0.37817494158194986,-0.63316795666129,-0.338988928950599,-0.16934234736434925,-0.36911979954963364,-0.3591370609877147,0.8770394295178242,-0.3634075570662395,-0.4298784411489659,1.063538032315189,0.07679047797684349,-0.37445091670747027,0.08858306985898821,0.31929396943631483,0.012495156200961872,0
0.5658899285970536,-0.4951180981673619,0.4993650278198764,0.4539723855919001,-0.20621329014836098,-0.30752910077032775,-0.2360877683399491,0.16904774183697743,-0.2686981093810612,-0.8549551917078959,-0.3803142573221795,-1.2465445174593588,-0.4976411389273052,-0.19064294773619175,-0.7220308997029988,-0.7375621002861735,-0.5934997886993127,-0.40971461044430296,-0.8393156107771396,-0.730849861323597,0.5218755086950213,-0.5302171781064939,0.3750375037303869,0.43656438801618314,0.1643376895402394,-0.29366855036447803,0.01850771559714466,0.34234366070921435,-0.37677326246926074,-0.3318922393835115,0
0.5899215286533542,-0.5651990583215403,0.4954843290409528,0.48927441879533695,-1.0557931725741896,-0.7846546397034235,-0.6115513469961945,-0.35717408026744407,-0.9294966088017431,-1.1812554433826432,-0.8210044001823857,-1.3770821207498745,-0.7954363241330656,-0.5376491023671764,-1.391633882223783,-1.1465789142400282,-1.0183330713888756,-1.2223699409731783,-1.0601387983979953,-1.369141975501716,0.4187989828822507,-0.3021040688849121,0.3273053134887794,0.32050221229304293,-0.6760364625858819,-0.4740758566623956,-0.1308070843738489,0.021226863645656697,0.16202927067572298,-0.9404870759002528,0
0.09593863860717435,-0.19546157888742988,0.13457934260109,-0.035465089035749575,-0.14385207252643137,0.46766746322533886,0.5589692506606596,0.3947121561851282,-0.31488295073842054,0.04475972818188612,-0.6825361858957089,0.03730855940728149,-0.5241571485689139,-0.49127740903060346,-0.10346159717996213,0.6066894073095018,0.6703365733580919,0.7460465261601263,-0.4030290216427303,0.2673004902467317,-0.2657847357233188,0.048452106315901355,-0.11351550227194382,-0.34306393370805705,0.08450214508825735,0.7865060131299721,0.9708043287454824,0.7480473213895132,-0.045833635512189455,0.3061663154090403,0
-0.4327565626314405,0.13077737355443236,-0.44946582362686005,-0.5011997699410914,-0.42777902805216134,-0.5234893280520361,-0.14734837255405922,-0.5729841533776843,0.683420158601426,-0.8931828362555653,-0.33124834660755276,1.6751530189236716,-0.19005542708464312,-0.3648407320679624,0.835695117946376,-0.00664259471875082,0.6703365733580919,0.6563456618266483,0.3859314933521714,-0.3574208971636709,-0.5730694730519548,0.18263628821094968,-0.5374896626532765,-0.6096974387360178,-0.37350176782047834,-0.7401482675231609,-0.2203959643564452,-0.5207556328616155,-0.0923292855805385,-0.9849241592014755,0
0.488454772860085,0.8605859930910419,0.3635405705575624,0.3831161618050018,-0.859905583102949,-1.039109821643687,-0.9077490599572057,-0.6207777083815502,-1.2243690574679613,-1.0652072367200758,-0.32884020375039313,0.29803379922345896,-0.408710521975448,-0.24430906474368633,-0.5086484658869125,-1.0080685638269868,-0.9287597888940884,-0.911349444063061,-0.6849537708868326,-0.5904630326920459,0.34295021860492964,1.0950887250972772,0.21218650172960973,0.18122760142527475,-0.3356849309748024,-0.8365924249780223,-0.8219213013824482,-0.6601673154892086,-0.797969151323715,-0.4526451831368333,0
-0.3312898068381713,0.5536797193124015,-0.21080284872307953,-0.4426992577753962,0.302947710200106,1.2163766730981471,0.44384787234382944,0.3976684585565013,-0.5173857166899202,0.521240012008191,-0.7550814894676416,-0.5257879652426909,-0.07175323022208077,-0.6022568548810535,0.3945449176973883,1.1742009267379845,0.747113672639338,0.866797689685962,0.5220700604776504,0.14001643228745841,-0.5983523944777291,-0.06392714602120121,-0.25109652120363474,-0.6471468341026843,-0.3314830602141723,0.7757269602379581,0.36738293076746636,0.2655889140940223,-0.11967966797368493,-0.0889373165518279,0
-0.8733358969969529,0.34102025401696495,-0.7983406438520606,-0.8668279709766876,0.6257587190665682,0.8967626000156512,0.4414495102955624,-0.09923669836513622,0.8539488036132148,1.3158289093918831,-0.6753117573242302,-0.3389057128106928,-0.6159433357898676,-0.6034725921595406,0.01847122214351557,0.47640466160413075,0.3768774383275503,0.20439130691566243,-0.4051729360856515,0.7506991368347057,-0.7694983241291213,0.3335934928428787,-0.6245307154467954,-0.7689347438281661,1.605579360436537,1.170013368656363,1.169890728706807,0.6571947641715312,0.4369006137268443,1.712213592472718,0
-1.00417460841459,1.4357331833218796,-0.9578373636658065,-0.9318845750230212,0.22958157182136432,0.10920527076265042,-0.2900509144259633,-0.665614961014043,0.21446638481900715,0.8830373621914877,-0.37670204303644017,0.9559713171488461,-0.4588869709895694,-0.44177953412077836,0.7428754717759755,0.46922795951019053,-0.015538846887708674,-0.10266165176432027,-0.19292540623647925,0.7764367220838235,-0.68198051919375,1.8750342823622457,-0.7256106477231395,-0.6715972657883592,1.6391943265215816,0.808631437487264,0.2896444317349492,-0.15421255718906712,0.17433694275263903,1.5286691179676692,0
-0.17107913979616643,-2.181894311533433,-0.12930817436569136,-0.2775361738593166,1.8656464576673026,0.4659016396171485,0.8455735154286017,0.9130505052992214,0.29617802722048914,1.0632534007733565,-0.329743257321828,-1.0575624644382369,-0.3923929775806118,-0.2646292449698251,-0.526116369778759,-0.37210234750246207,0.21479245095603036,-0.10438666838611785,-0.2851137272820795,0.07263075454431386,-0.07130072475582741,-1.8653497879622238,-0.07139886382346704,-0.156126456009986,0.5719191533214087,0.17153267971191338,0.955635841129381,0.42223125412502605,0.17570446187229619,0.5867961566917604,0
-0.32861962905413794,-1.0267667614059515,-0.27910314723212903,-0.4147097885926712,1.1686681430692565,0.6318890587870633,0.4354536051748941,0.40875459244915074,0.9747399271632323,0.6523062218859139,-0.31258523946456596,-0.5490607551054774,-0.3173322733643655,-0.32472140187789356,0.019156237982411603,-0.2385052777537338,-0.3362965061071375,-0.1889124828542028,-0.48878559935956767,-0.060268776560221185,-0.06741104453647767,-0.13269653924241345,-0.01243556999559972,-0.16695892574414575,2.029968307260228,0.6804174399296243,0.4218946831378292,0.7355159341870331,0.6803190170258469,0.8524526329490677,0
0.01583330508617192,0.1501100522176534,0.014277680454469265,-0.09371344382142045,0.03882961203663573,-0.012636558202500226,-0.3404165174395765,-0.40669214498794437,0.985397967476469,-0.5450382162678652,-0.2927180608929993,0.0040617167461579696,-0.37648337179564667,-0.2813022133605031,-0.7028504562139122,-0.5758102761689116,-0.6741157429446213,-0.7890457655776073,-0.5606067331974186,-0.7673504367678002,0.06094840270206665,0.5902207407171586,0.06056660331509319,-0.043159271639462905,0.00046472987564632616,-0.12801152697142157,-0.3896194043235712,-0.38447679703464227,0.5367295094618282,-0.6115560571162046,0
-0.2778862511575028,-0.2631259542087052,-0.2146835475020031,-0.35646143380700035,0.26626464101073516,0.4623699924007672,0.4474454154162306,0.38214787110679244,-0.09816946436927243,-0.008485919580938877,-0.16147427517780122,-0.5219383308292977,-0.024840290086926828,-0.22121005645243463,0.7949366755320669,0.3974609385707913,0.4553606953706021,0.8115971577884369,-0.6002691503914559,-0.23060479529983643,-0.18021177089762233,-0.6593694531804778,-0.11351550227194382,-0.2752836230857432,0.6559565685340197,0.5232701951355263,0.6584282869014033,0.8733611934143163,-0.3466878418368,-0.3145038154830332,0
-0.9748026527902226,-1.261175490197512,-0.9027314410050967,-0.9326410471630948,2.0197153482626593,0.7219460628047835,0.3011453304719253,0.20329157763871653,0.7260523198543735,1.8059619234137845,-0.5898226858950644,-0.6517760005901057,-0.6322608801847037,-0.5676951808212107,0.19897289569259674,0.1932009558971156,-0.05435393596878295,-0.4200647101750888,0.11472631632267379,0.5003426257751062,-0.7169876411678984,-0.7398799623175067,-0.6778784574815324,-0.7138438977515822,1.664405551085366,1.1166854227695573,0.7304786030778827,0.287518841698363,1.227326664888775,1.717043710222851,0
0.04520526071053925,-0.0504664889132687,0.04144257190693217,-0.08387930600046281,1.2200244399343763,0.049167268084170296,0.18122722805856037,0.30158863148687376,0.2322297853410685,-0.018042830717854338,-0.2797742930357664,-0.05368279945474024,-0.20270152399064123,-0.2686238103134251,-0.0794860428186042,-0.5034912012222857,-0.2352066587201632,0.01981452838331336,-0.5595347759759582,-0.5726807010653828,0.02399644061824373,0.3721714451377051,0.06337437921165895,-0.12672403816012381,0.819829528198614,-0.18928193288392176,-0.10284018533166268,0.04002394444937723,0.021174801351019408,-0.33092621583348464,0
-0.6089882963776454,0.8630025779239441,-0.5239752401821867,-0.6330780796939307,1.1686681430692565,0.6883954142491622,0.03612632413838891,-0.12436526852180821,1.39395617948388,1.292619268059371,-0.1665915787492653,0.4642680125290754,-0.3234513525124289,-0.3617145504947103,0.9422150808946946,0.47530055358967815,-0.1379556662972513,0.4062182516659883,0.4030828088955389,1.3955426363489642,-0.6119662752454529,0.8015608272018592,-0.6048762841708395,-0.6420400983708662,1.6770111633672575,0.38881569327198395,-0.20522747674034408,-0.05709430636984473,0.77057527892323,1.4224065274647464,0
0.007822771734071391,-0.7343599966247278,0.04532327068585521,-0.1002695357020585,0.27360125484860853,0.472964934049911,0.03252878106598803,0.1202687527093205,0.409863790561682,0.306892147937332,-0.5913277751807892,-1.0096170176532486,-0.6461307929203146,-0.43153260563067414,-0.9398659364719084,-0.07012880554975799,-0.4843056919437624,-0.8173360381750887,-0.3805179199920607,-0.09162183495460083,0.20486657081801063,-0.15114686425298246,0.14479988021204673,0.08992535652307115,0.2147601386678069,1.4315472309310173,0.6920833687996272,0.48018891993649754,1.6170696139911107,1.66391241497139,0
-0.27254589558943615,1.1650756820367791,-0.3039396194172379,-0.32872412200429996,0.15621543344262265,-0.5549209882778285,-0.11017376080591607,-0.17511512589704717,-0.8371269260870234,0.23726322393979232,0.37012326054017963,0.42577166839514313,0.1660749793326567,0.06066731540246439,1.2299217332309909,-0.3113764067075857,0.47455497019091364,0.6304704124996833,0.06648824135695298,0.399732065255828,-0.12575624782672454,0.8485252908651262,-0.17809434789294146,-0.23659623117802986,1.1139604814427566,-0.524567209682882,0.10193439748569988,-0.049262189368294546,-0.592841283375117,0.2670423616329645,0
-0.440767095983541,-0.16887914572550053,-0.44015214655744445,-0.5150684258424416,-0.11377195579114675,-0.1503707996413656,-0.17612871713326678,-0.3162785641301154,0.23933514554989324,0.23999376997891048,-0.9669980608976863,-1.070511234737832,-0.9467815483951711,-0.7026420187332604,-0.9881595531140727,-0.7717894487341947,-0.7675278804034711,-1.1216289702601954,-0.5745421770764049,-0.9531290066568864,-0.1607633698008736,0.3285615860218148,-0.27075095247959025,-0.24588120523588106,0.660158439294651,0.4398743648657343,0.5465606907326588,0.4394619115284363,2.277581348785596,0.6012865099421588,0
0.7741637957516597,-0.4854517588357514,0.6817578704292696,0.7338670774191495,-1.3279815459593203,-0.8623508784638093,-0.4794015981366664,-0.4032431255546757,0.22512442513224376,-1.7014244638348548,0.4790917248266514,0.13879892121492113,0.5911470108181393,0.37085399817070214,-0.8566365120460516,-0.14576020453974053,0.10261257811732044,-0.03366098689241387,-0.029987908574488974,-0.6208801788955486,0.6152278339594173,-0.40777411212726233,0.5800051441796401,0.5185816588605355,-1.5710349346002008,-0.57676051842316,-0.2877061281528931,-0.5317205966637857,-0.3371152079991983,-1.1322427505805277,0
-0.06694220621886385,0.7325069969471995,-0.08273978901861216,-0.162048093808073,-1.1929878513424361,-0.510598815712245,-0.3994162238269521,-0.4680354191939373,-0.1265909052045704,-1.3000341960843296,-0.3827224001793392,-0.32315720839226575,-0.3524149938132632,-0.4046127087498921,0.9726982857255643,0.07230112831458888,0.533843952413654,1.0548245014619066,0.9894434090344129,-0.4730060527369815,-0.4505445461424354,-0.0840547733054586,-0.4364097303769324,-0.5050867310175607,-1.1088291509308337,-0.7696488333328833,-0.7072096137856848,-0.6867965132944793,-0.38087581982823304,-1.2549277414339026,0
-0.008198294970128714,-0.3066244812009534,-0.06721699390291946,-0.07379301079948085,-0.6302695699774882,-0.7924242635794623,-0.4196823831348107,-0.15417465076648756,-0.300672230320772,-1.22767472604767,0.6530800462564321,-0.431646905496984,0.51486249077228,0.33646600086492884,1.3326741090653822,-0.4372447203551478,-0.1277187197264183,0.7391464596729354,-0.5445273748755117,-0.9662317773291643,0.11929360599231419,-0.6040184781487706,0.03529662024600777,0.031120520823346803,0.4416611597418591,-0.7010032859679524,-0.4668838881180855,-0.05866072977015503,-0.5983113598537464,-1.206626563932574,0
0.5285074396205857,0.222607597204734,0.44891594369387416,0.4464076641911636,-1.9486590766434753,-0.7539293089209075,-0.2684656559915577,-0.36604298738156354,-0.4001472732443154,-1.2973036500452095,0.31834818911124835,0.07405506971694392,0.2223705074948415,0.2862734189388254,-0.4791927848143868,1.2702583239953344,0.9855492198516532,0.10951539271679138,0.08792738578616215,0.47881664538493507,0.11734876588263966,-0.5805362463171371,0.04371994793570264,0.038857999204889485,-2.1542545961757282,-0.7475234089755914,-0.6062443680910129,-1.0014909744167655,-0.9825842324774533,-1.1240315504053018,0
-0.5449040295608436,-0.9035209349279153,-0.6240972686784066,-0.5997933055306901,-1.454171303970757,-1.3332960347682385,-1.2696618930407408,-0.9885909950865602,-0.8584430067134977,-0.7184278897519357,-1.1439965608989167,0.7389919229394101,-1.0320407178581903,-0.8198738277302147,-0.5336515440066144,-0.9506549470754674,-1.1377641147152588,-0.8021558919032694,-0.36336660444869323,-1.2020816494301703,-0.8239538472000187,-0.47318890080109843,-0.8738612150617777,-0.8022059008687996,-1.3819507503718234,-1.1628006046047603,-1.4068561050783408,-1.20042674625614,-0.7719862880502258,-1.0993979498796242,1
-1.6885411744623524,-0.9494360467530666,-1.681587685934994,-1.4039231904289768,0.2515914133349864,-0.7959559107958433,-1.0714372697514487,-1.3514771111726147,-1.0609457726649962,1.0577923086951182,-0.3836254537507739,0.28228529480503195,-0.41605341695312437,-0.6427235385792615,2.370473104992736,-0.034797349087284477,-0.459566404397583,-0.6167166050600216,1.3110305754725522,0.2925701194004106,-1.5766069696442102,-1.1223048807183944,-1.568504971871988,-1.2935357780967596,0.30299942464104923,-0.8598524864818421,-1.1916531870249087,-1.6040940565160364,-0.7583110968536526,-0.20147906012992367,1
-0.5876268741053782,-0.40570445934996335,-0.6636803962234237,-0.6154270630922123,-1.4937890186952774,-1.3394764173969054,-1.2320076088829441,-1.2795404201358682,-1.0787091731870577,-0.9505243030770695,-0.5985522037522679,-0.5884320161515444,-0.6979389963739194,-0.5465066168247242,-1.104612245726383,-1.0560972624556622,-0.9680014174156142,-1.2989606789809942,-1.0676424989482185,-0.840351587656207,-0.5341726708584567,-0.29204025524278304,-0.6498006985158812,-0.5762715321277534,-1.3903544918930848,-1.0584139871242042,-1.014845503249732,-1.16298922698873,-1.0003619810329984,-0.6192842455164169,1
-0.9721324750061887,-1.9547353372405813,-1.0478695753368263,-0.9321367324030457,-1.947925415259688,-1.5660315863277574,-1.505145070749865,-1.5064366271387577,-0.9579180496370411,-0.3784749078815919,-0.6105929180380659,0.3907749919097501,-0.6767261886606324,-0.6126774601252273,1.1853957037027547,-1.099709529026528,-1.34693905631261,-1.0195079862497742,0.8693842002308408,0.37820608486565677,-1.160411186173779,-1.9794063425730146,-1.2439260782290604,-1.0351040001532341,-1.8949991702448201,-1.4937175283895885,-1.7285228455872816,-2.01982282695832,-1.1042934341269546,-0.8970160161490571,1
-1.1723958088086943,-1.0267667614059515,-1.2073662951505721,-1.0675452454762286,0.3543040070652246,-1.2036845819270492,-1.1604165017421653,-1.148970398733554,-1.9313523982460026,-0.4713134732116454,-0.24545825732124207,2.1791051603133296,-0.2075967873090921,-0.4429952713992653,-0.12024448523291288,-0.8915851683022694,-0.48515877082466513,-0.12681188446948735,-0.7492712041744605,-0.14309700545283638,-1.13318342463833,-0.44970666896946493,-1.161939022049359,-1.0154508050641158,-0.5205672444425496,-1.2779662749773302,-1.31205305747771,-1.3481404729053763,-1.8810442940923124,-0.7448673070198718,1
-0.43542674041547386,0.9838318195690781,-0.38892692267565715,-0.4805228647790786,-0.8731114880111225,-0.10799103304479159,-0.38118867226012054,-0.8311678938109398,-0.03777390259426364,0.06933464253395905,-0.831540025182459,-0.3214073745679963,-0.46990131345608366,-0.638555296481592,0.07155994965795137,0.9152875973489201,0.012612756182081677,-0.37693929463014736,0.010746465841008876,0.9818694479813268,-0.5711246329422802,0.5986072520855992,-0.39429309192845563,-0.6096974387360178,-0.23063816195903716,0.5227028765622626,0.10714856510373479,-0.5520841008678163,0.13604640740223373,0.6495876874434875,1
-1.8498199126179702,-1.7058270994516054,-1.8096507456394615,-1.47780530277617,-1.6918775923178793,-0.73468183159163,-0.8730927283597432,-1.2524409817316142,1.6284330663750894,0.9185344607000371,-0.36315623946491743,1.7538955410158055,-0.47275688372518004,-0.6314345495647401,0.6195726207747054,0.5205689821822225,0.21863130592009267,0.30961732084531934,2.2875836042230353,0.8466301363995992,-1.7788703410504014,-1.4980205900245291,-1.7394985239728036,-1.3815882820787153,-1.7281849010477852,-0.9092092023558006,-1.1456737089386027,-1.6427847145036942,0.2659607237696792,-0.19085280107963146,1
-1.2471607867616301,-1.336089620017495,-1.2717858948806982,-1.1275587019220712,-0.28471505821361465,-1.0634781874367167,-1.1710892128569548,-1.081221802722919,-0.5280437570031568,-0.5805353147764145,-1.0672370073269544,-0.47049321639577013,-1.0703869471860552,-0.8198738277302147,-0.6151684288352315,-0.8137455532833823,-1.0089492036989456,-0.8975493110886797,-0.5970532787270745,-1.1346959716870257,-1.3296122757154962,-1.0300532556655486,-1.3368634604053655,-1.1465236888474488,-0.8609187760536285,-0.9262287595537173,-1.1447256784625963,-1.1119238241386231,-0.5627558627426562,-1.0240481129775512,1
-1.1990975866490288,-1.1838447755446262,-1.1786491241865402,-1.1063774820000092,0.6257587190665682,-0.21747209675260779,-0.7401035527833215,-0.6816282655256476,0.011963618867507547,0.04066390912320888,-0.8574275608969245,-0.9252750273234515,-0.8566271156137012,-0.7639499129198157,-0.35794498132980485,-0.5465514137859256,-0.49838149347865757,-0.1319869343348804,-0.22508412288029336,-0.9503212700842554,-1.2673773922058988,-1.4242192899822523,-1.2807079424740633,-1.1253229980820219,0.08450214508825735,-0.6300884643099658,-0.7166899185457479,-0.7087264408988199,-0.41096124046069377,-0.7042943179187553,1
-1.4554346539162357,1.0394132707258399,-1.4677611832163224,-1.2606977985750332,-0.2715091533054412,-1.0025572729541417,-1.3058771599695769,-1.3916335517171003,0.05104310001604311,0.05295136629924439,-0.8450858287539815,0.4030238286796379,-0.925976679291755,-0.7509241563645986,0.08902785354979785,-1.082043800795291,-1.1595176261782787,-1.3041357288463873,0.10722261577245047,-0.6522332372899284,-1.3432261564832206,1.1789538387816823,-1.3916150903883855,-1.1562729116081925,0.437459288981229,-1.0680584028696902,-1.2746058536754608,-1.4784668998111714,0.4396356519661586,-0.35652583990918896,1
-1.3406170092027991,-1.500417388654877,-1.3823858100800113,-1.195893351908724,0.024156384360886983,-1.2658415729353578,-1.3077958496081907,-1.1531584937596657,-1.124894014544418,0.5171441929495119,-0.9727174001834401,0.9489719818517676,-0.9749293124762636,-0.7085470283716255,2.7506568955799837,-0.48251314894769215,-1.0008449543303695,0.34929270314666555,1.0977110884019199,0.36135966542987086,-1.518261766353963,-1.9022504379833618,-1.559239311413323,-1.2478846556456578,-0.7516701362772326,-1.3936992639231642,-1.6212057957033672,-1.765122382067908,-1.6212156613574213,-0.7593576602702701,1
-0.5956374074574787,-0.05288307374617176,-0.6233211289226221,-0.6610675488766558,-0.329468402624647,-0.4823456379811955,-1.1489043639104823,-1.205879219382487,-0.9330492889061549,0.5430843803211439,-0.7779588466106578,-0.3774020569446251,-0.6897802241765013,-0.6383816197275224,-0.21614670267834485,-0.4543583945791585,-0.5052061245258795,-0.8183710481481674,-0.6088448081631397,-0.1936362637601946,-0.7986709257742448,-0.5721497349486965,-0.796647377906237,-0.7958611685959346,-0.549980339766963,-0.7055418345540635,-1.1551540136986658,-1.36740748072919,-1.1466865268363318,-0.18988677752960526,1
-1.476796076188503,-0.16887914572550053,-1.3847142293473647,-1.2826354906371689,-0.6999674014372922,0.65131311847716,1.1429704094137467,-0.3258865468370782,1.0848730104000124,2.9486954407851784,-1.261092507328302,-0.0554326332790097,-0.5727018431435517,-0.9143887172948703,0.5377132280266403,2.5659290789551084,4.926773649622297,2.653914909868333,-0.4727062410376606,3.8312541131063766,-1.6155037718377085,-0.8958690737705003,-1.4328893960678928,-1.3169029628090185,-1.0584067018032668,0.19195614834941346,1.050438888730012,-0.14481401678720707,-0.6707898731955847,1.5045185292170047,1
-0.4541179849037078,1.4671487861496142,-0.5270797992053252,-0.5064950749216071,-2.2245157569475436,-1.3576644005612684,-1.1743270016221157,-1.3615778109414731,-0.6239661198222882,-1.1703332592261657,-0.8998710787543623,-0.6150294902804431,-0.8321507990214471,-0.6835375757856086,-0.5387891627983341,-0.7265210201416505,-0.7798975241765608,-1.2825730210739166,-0.690313556994135,-0.9924373186737205,-0.7306015219356229,0.6405398089278017,-0.7621117343784859,-0.7246763674857419,-1.587842417642723,-1.032884651327329,-1.110122566088366,-1.5682229606489364,-1.0154046913492292,-1.1694346572565504,1
-1.281873097954064,-0.6594458668047442,-1.2380238155040657,-1.1537830694446245,-0.31919714325162307,0.05976220973331411,0.2651698997479158,-1.0863953318728221,0.6088138764087687,1.8824172125091214,-0.8658560608969831,0.6637490684958149,-0.5702542114843262,-0.7552660752163376,-0.0911313120798353,1.611427700461095,2.1670634699019438,-0.11473676811690366,-0.06750641132560518,2.1817088766856507,-1.2790464328639486,-0.03373570509481541,-1.133861263083708,-1.1296559859756858,-0.20122506663462383,0.8891906748907366,1.7169043133624475,-0.5317205966637857,0.3015162208807694,1.9730399509798937,1
-1.2284695422733962,-0.596614661149275,-1.263248357567067,-1.1083947410402055,-0.5004115050471148,-1.2220491474522317,-1.2748183714445154,-1.2797867786668158,-0.1727757465619297,-0.4863314764268019,-0.4146302930367038,-0.73454314047806,-0.4417535493749913,-0.5711687159026021,-0.18806105328361103,-1.0654821805785066,-1.0895651579442542,-0.7987058586596739,0.2508648834481528,-1.1941263958077157,-1.2031976685866268,-0.9562519556232718,-1.2472954093049384,-1.0739461416285785,-0.8903318713780425,-1.2660525849387887,-1.4236836460274527,-1.414556825078522,-0.4752346390845875,-1.1583253864312453,1
-0.09898433962726454,-2.329305986340497,-0.11766607802892169,-0.2515639637167879,0.29561109636223165,0.013850795920358568,-0.16293772586779662,-0.2593697434811822,-0.35040975178254324,-0.04261774506992727,-1.1060683108986529,-1.5321173975801652,-1.0703869471860552,-0.7990326172418674,-0.3065687934126092,-0.6486814051227633,-0.1976711879604428,-0.5408158737009245,-0.9465113329231859,-0.8221012999341052,-0.41748226427796153,-2.3417036336896446,-0.4223708508941068,-0.5394411350316103,0.6139378609277136,-0.17112773853947733,0.090084016535621,-0.16517752099123748,-0.7254906379818775,-0.3401034395587375,1
-0.7024445188188146,-1.6574954027935516,-0.718398249006242,-0.7581481401861071,0.501036283822708,-0.2404278036590853,-0.897316185047243,-0.4921785552268181,-0.36817315230460457,0.4761860023627243,-1.1187110608987407,-1.2062983395011568,-1.0871124301907624,-0.8169213229110321,-0.8491013378181962,-0.8518372797819865,-1.0516031477440826,-0.864946496936704,-0.38587770609936317,-0.5736166132562598,-0.841457408187093,-1.6506550969301463,-0.9154162983309416,-0.8398100458030969,-0.007939011645615125,-0.4434406537061453,-0.9318928365991801,-0.3484490588275115,0.19074717218852658,0.21294504283147594,1
-0.8573148302927524,-1.261175490197512,-0.8441328894433554,-0.8330388820533979,-1.6207124380905,-0.5882950544726306,-0.2540754837019538,-0.9543471592848212,-1.6009531485356616,-0.4849662034072419,-0.7198624001816827,0.22104111095559442,-0.5792288609014862,-0.63542911490834,-0.17504575234458816,0.533266224348424,1.7605713831517893,0.6787708779100174,-0.19292540623647925,-0.1482445225026598,-1.02232753838686,-1.420864685434876,-0.9945955786140778,-0.9397782664926284,-1.6903680642021097,-0.5466926340401738,-0.22276604054646099,-0.846571700126103,-1.4885663067506616,-0.8491978504227415,1
-1.2257993644893628,0.7276738272813942,-1.2151276927084187,-1.118228878861163,-0.5620390612852584,-0.47704816715662385,-0.2576730267743549,-0.7782008096571706,-1.757271073129801,0.38198216401310986,-0.8778967751827811,2.8720393547241096,-0.746891629558428,-0.7451928234803031,0.43530336011169724,-0.0071946487259769475,0.8268765480037441,-0.19581254934139344,-0.6109887226060605,0.3393657289442611,-1.2984948339606976,1.5093823866982383,-1.2708807268360856,-1.1276442415964845,-0.407116733905523,-0.43322891938739544,-0.08719768247755873,-0.9275557899221317,-1.3340366462293844,-0.07396395152641645,1
-0.940090341597788,-0.6086975853137885,-1.0090625875475938,-0.9026343189401735,-1.1988571424127352,-1.53548283790606,-1.568857558562086,-1.7174673447486115,-0.659492920866411,-0.594188044972011,-0.7782598644678029,0.15279759180907831,-0.8345984306806724,-0.650017962250183,-0.18703352952526728,-1.2113348492876557,-1.5412704253822533,-1.8770137489453886,0.5499409482356225,-0.9348787189347847,-1.1001211427738564,-0.8522592146546099,-1.1787856774287495,-0.9885243802963473,-1.4996031316694802,-1.485377945362609,-1.7814276863008136,-2.302217637566213,-0.7966016322040579,-1.1853740458319888,1
-1.9670407173370368,-0.9856848192466064,-1.9621622076511456,-1.5448791658627,0.26626464101073516,-0.9683002949552445,-1.591162325610972,-1.7895025791977373,0.3636789492043227,1.102846318340585,-0.040766114462676376,1.4284264497016512,-0.24471920080734447,-0.5388648396456635,3.0452137063052405,-0.5680815200677454,-1.6206067613062078,-2.3814086091590227,-0.20686085011546548,1.2743420076303915,-1.7477528992956026,-0.8992236783178764,-1.7838613831385324,-1.3709105619121864,0.27358632931663474,-1.1179824373169127,-1.8078729964290094,-2.4396242982414096,-0.8786527793834972,-0.009723385449648748,1
-1.7878717880283952,0.18877540954409633,-1.7941279505237686,-1.4518330926336411,0.302947710200106,-1.1923833108346296,-1.345689969970814,-1.4798299057963993,0.5057861533808135,0.4243056276194584,-0.30174859660734765,2.8265436752930992,-0.4111581536346735,-0.6027778851432622,2.6753051533014305,-0.7292812901777812,-1.0375273462091872,-0.8851291914117367,1.056976713986422,0.2701082268193627,-1.6155037718377085,0.5164194406748819,-1.651334360820659,-1.3052967452367046,0.5509097995182557,-1.184358710388788,-1.5167802387712723,-1.849082676324526,-0.2947221152898215,-0.28069299123210284,1
-1.6858709966783187,-0.236543521046775,-1.6967224111727948,-1.3930804230879215,0.15621543344262265,-1.3438909764173819,-1.509270253472885,-1.5939678131844979,-1.8922729170974668,0.8188695302721862,-0.5883175966093396,1.3654324320279438,-0.6669356620237307,-0.691700383226878,1.4388515640942532,-0.8457646857024989,-1.3941996263146215,-1.475774882715254,-0.27546611228893503,0.7740969416066311,-1.6018898910699841,-0.3138451848007288,-1.6490881401034068,-1.2949285242054374,-0.3314830602141723,-1.3237488838397264,-1.7107472741621632,-2.06665888662759,-1.5774550495283874,0.04968706287698528,1
-1.61564532095824,-0.8189404657763211,-1.60746633925756,-1.35197877014392,0.031492998198761356,-0.9863116957587883,-1.2900479704510128,-1.352216186765458,0.026174339285157024,0.05568191233836445,-0.8083616501822978,1.3164370849483937,-0.8113459299180309,-0.7472769445291377,0.29932771609085235,-0.853493441803665,-0.8997551069433953,-0.9939777402471688,0.04504909692774383,-0.5778282181152062,-1.5552137284377863,-0.22159355974788306,-1.5600816441822927,-1.2672283515995146,0.029877825200059657,-1.0657891285766348,-1.3077869203356816,-1.421605730379917,-0.2646366946573608,-0.5898205272406065,1
-1.2898836313061646,-1.3095071868555657,-1.259367658788144,-1.147226977563986,-1.2193996611587832,-0.3128265715948994,-0.3835870343083879,-1.110292109374755,-0.2580400690678246,1.3130983633527649,-0.6018634001808624,-0.3424053804592321,-0.48866648951014535,-0.6409867710385659,1.181970624508275,2.0282284759168383,2.4195748186491537,1.1497004156607773,-0.8993452151789255,3.8920884055133818,-1.384067798786394,-1.5483396582351723,-1.342479012198496,-1.1650936369631513,-1.2306834029891214,-0.267571895994339,-0.3758729624214799,-1.1438788615049478,-1.272498285844805,0.746190042446145,1
-0.8412937635885522,-1.1838447755446262,-0.8806114579652339,-0.8403514460741098,0.01681977052301363,-0.8773603791334293,-0.8530664052567113,-0.9592743299037764,-0.5422544774208062,0.2454548620571487,-0.9663960251833962,-0.873304962742643,-1.0344883495174155,-0.7330354506954337,0.6151200178218821,-0.5476555218003779,-0.6246371678522626,-0.428689793284077,0.6078266381944875,0.33375025579899914,-1.0534449801416585,-1.380609430866362,-1.0875329607903832,-0.9555627223909755,0.37022935681113855,-0.6879549587828827,-0.7456048480639403,-0.7854811875140116,0.3999775974960969,0.33756208078490385,1
-2.0105646152167815,-1.889487546752209,-1.9908793786151777,-1.5776596252658914,0.24425479949711207,-0.9322774933481566,-1.283572392920691,-1.4175011974666152,-0.7269938428502435,1.1410739628882545,-1.2153377930422695,-1.0208159541285742,-1.1005744043165022,-0.9139371577342895,0.3315234605189615,-0.68070053754188,-0.8524092290532933,-1.1186964420031391,-0.49950517157417224,-0.04108257664724262,-1.883308254939944,-1.6288501673722013,-1.803796592004145,-1.4349768829113598,1.0341249369907746,-0.5932127570478128,-0.9764502689714766,-1.1062846998975069,-0.14292749300785906,0.7751707489469416,1
-0.7371568300112491,-1.2225101328710692,-0.750608048871305,-0.8244655311325634,0.5523925806878276,0.43058516745333675,-0.1893197083987368,-0.06819552346571817,0.21091370471459528,0.8352528065069009,-0.735816346610365,-0.431646905496984,-0.9104750121166608,-0.8148372018621974,-0.04626277463215102,0.32017337755912995,0.0770202116902385,0.004289378787134496,0.08149564245739963,0.27619165606006324,-0.7053186005098492,-0.8338088896440403,-0.8671225529100216,-0.9099115999398737,0.5929285071245606,0.8568535162146949,0.4948930297903151,0.2358268694881319,0.6010029080857228,0.6157768631925571,1
0.19740539440044358,-0.35253959302610377,0.09965305359078103,0.08380535171586227,-1.894368134243206,-1.0044996789231513,-0.9735840981821431,-1.1068430899414865,-0.137248945517807,-1.3956033074535021,-0.15515290017775732,1.3951796070405278,-0.11744235452762213,-0.23041492441812142,-1.1940068127023036,-0.184403985045571,-0.317102231286826,-0.4666401589636254,-0.5766860915193257,-1.1669849422722824,-0.18215661100729755,-0.015285380084246378,-0.20336433096202766,-0.2644511533515835,-2.1744235758267556,-0.891055008011356,-0.9157763185070728,-1.118189517739863,-0.7665162115715971,-1.4070764505630877,1
-1.1296729642641603,0.1501100522176534,-1.1254835509152914,-1.0463640255541664,-2.504774405554337,-0.40111775200442873,-0.5386411407288686,-1.201691124356375,-1.8958255972018798,0.43932363083461395,-0.8261217037538499,0.5097636919600863,-0.7391407959708808,-0.6884005248995564,-0.02571229946527268,1.6936837475377917,1.2214255304212596,0.29754220449273594,0.3173262311787015,2.298697900545277,-1.2382047905607756,0.0031649449263226556,-1.2363450833083345,-1.0765768842783028,-1.8874358028756852,0.06714606223135713,-0.2824919605348585,-1.0690038229701282,-1.0701054561355217,0.5153104139897935,1
-1.1109817197759264,-0.6473629426402314,-1.168947377239232,-1.0322432122727916,-1.2957004450726743,-1.441011274867864,-1.3546838276518165,-1.457164920949205,-0.05198462301191312,-0.2460434249843099,-0.9125138287544503,-1.1020082435746859,-0.9165940912647242,-0.736508985776825,0.09622051985820532,-1.1907984402188427,-1.0614135548744639,-1.0013953117208987,-0.06643445410414477,-0.6447459397629122,-1.177914747160853,-1.1457871125500279,-1.2318526418738303,-1.0456269707521322,-1.0542048310426362,-1.355915846943789,-1.3716367728947065,-1.453404125406211,-0.4136962787000081,-0.7134715416440083,1
-1.3993609204515343,0.1356105432202376,-1.4483576893217063,-1.226656552271719,-1.90463939361623,-1.5335404319370505,-1.591162325610972,-1.7895025791977373,-0.7873894046252523,-0.46721765415296723,-0.6446079358954452,0.07230523589267446,-0.673870618391536,-0.6809324244745651,0.90762178103045,-1.043952074296687,-1.6206067613062078,-2.3814086091590227,1.0140984251280036,-0.8352040706063834,-1.4579717229540405,-0.5687951304013203,-1.5011183503544252,-1.2234342239599831,-1.655072349812813,-1.4443040806583034,-1.8078729964290094,-2.4396242982414096,-0.860875030827952,-1.1076091500548497,1
-1.135013319832227,-0.83585655960664,-1.1755445651634011,-1.0445989238939948,-1.214264031472271,-1.2836763913780829,-1.2688224663238472,-1.2278051286368379,-0.02711586228102703,-0.7853262677103562,-0.9736204537548753,-0.04318379650912235,-1.033264533687803,-0.7988589404877977,0.22808606884567434,-0.8253386874351314,-1.0183330713888756,-0.901689350980994,-0.2851137272820795,-1.042976576981079,-1.1856941075995526,-0.4044195075798862,-1.2127597657771878,-1.0601734301094325,-0.10878390990075021,-0.8638237164946891,-1.1840689432168583,-1.0079133103580367,0.01843976311170431,-0.9071592634243363,1
-1.3032345202263313,3.1152596421892436,-1.3598777571622558,-1.1603391613252627,-1.648591570674422,-1.6488487135518959,-1.5315990041422536,-1.6309955003859467,-0.13369626541339513,-0.6310504165001204,-0.9227484358973786,0.6724982376171634,-0.9292401881707222,-0.7714180133448069,-0.8802695584879615,-1.2773053031511805,-1.4831330996487317,-1.7916254261664044,-0.1521910318209818,-0.6920095054022013,-1.3218329152767967,2.2842960371421426,-1.378699321264186,-1.1327509773283029,-1.6617953430298216,-1.4705709306004215,-1.6979962642598785,-1.9693839934683368,-0.24138886962318584,-0.76225573092035,1
-1.1910870532969282,-0.6256136791441074,-1.1899031506454174,-1.0955347146589536,1.0219358663117732,-0.4841114615893861,-0.7433413415484824,-0.9309430988447837,-0.2900141900075344,0.31371851303512927,-0.6756127751813751,0.6899965758598599,-0.6575530739966999,-0.6818008082449128,0.5517560527240076,-0.37817494158194986,-0.3644481091769279,0.03016462811409917,-0.5284480165536047,-0.08085884475951524,-1.1701353867221533,0.18431359048463805,-1.180189565377032,-1.054138196971829,1.2316128627404135,-0.35210236341065876,-0.44602721764594666,-0.5317205966637857,-0.3849783771872045,0.10233534635343323,1
-0.6864234521146145,-2.411469870659188,-0.6955021262105947,-0.7256198381629401,2.115091328155023,-0.4311367533436685,-0.7664855353142619,-0.17437605030420417,1.8486992328486505,0.4789165484018425,-0.3622531858934825,-0.4351465731455233,-0.4548075848908602,-0.47286767309922995,2.216344541241149,-0.08613837175931645,-1.1249679315017178,-0.9601674144599347,0.5510129054570829,1.0066711210395676,-0.9873204164127115,-2.6285223224903103,-1.0159346754279728,-0.924458059297174,0.23576949247095996,-1.0788374557617042,-1.4031113846981158,-1.279374485631766,-0.5162602126743071,-0.8182850968218911,1
-1.3085748757943985,2.0422959763804527,-1.364534595696964,-1.162356420365459,-1.8914334887080564,-1.6516740313250007,-1.591162325610972,-1.7895025791977373,-2.9225501473770246,-1.0761294208765533,-0.6512303287526342,4.6078745083996,-0.7040580755219831,-0.6437655991036788,0.2277435609262263,-1.1633061506589804,-1.6206067613062078,-2.3814086091590227,-0.07393815465436772,-1.0481240940309025,-1.407405880102493,1.7005948458986822,-1.4699520379025524,-1.1811875919967598,-1.9672713473276666,-1.549484944141429,-1.8078729964290094,-2.4396242982414096,-2.080702085562281,-1.439438239488978,1
-1.7037611878313426,-0.6521961123060367,-1.750276054321936,-1.4092184954094924,-2.2575305192179767,-1.8660450173593377,-1.591162325610972,-1.7895025791977373,-0.8158108454605503,0.21405358260727847,-0.5314252216089442,6.338460160602281,-0.626957678256382,-0.6632173955594699,-1.786545513347294,-1.2815561190068219,-1.6206067613062078,-2.3814086091590227,1.8663044161890732,-1.0879003621431753,-1.7870386695110358,-1.229652226234433,-1.8332782389180786,-1.3913375048394592,-2.870673560863247,-1.7063485296488952,-1.8078729964290094,-2.4396242982414096,-1.6116430275198204,-1.1235485386302886,1
-1.1723958088086943,-0.9011043500950122,-1.2089185746621411,-1.0758664390170387,-0.18567077140231417,-1.1955617933293727,-1.1343942735184651,-0.9915472974579332,-1.3025280197650304,-0.2665225202777046,-0.8589326501826494,-0.8699802784765307,-0.8260317198733835,-0.729735592368112,-0.008244395573426188,-1.1729118903847155,-0.7769117480934012,-0.33726391232880143,-0.17255821902873053,-1.09585561576563,-1.1954183081479273,-1.135723298907899,-1.2107943226495919,-1.054447696107091,-0.30206996488975774,-1.2711584520981638,-1.0868958194262115,-0.71812498130068,-0.7049778511870177,-0.8636882036731398,1
-1.1777361643767614,0.8509196537594313,-1.1433347652983383,-1.110916314840451,1.7115775670719449,0.4606041687925768,-1.0497320932146297,-0.6732520754734237,0.8823702444485138,1.5219851353453857,-0.7066176144673048,1.2516932334504165,-0.6563292581670872,-0.6760694753606173,2.038240423128204,0.2760090569810382,-0.8251107048644059,0.6649707449356362,-0.5338078026609072,0.8475660485904762,-1.201252828476952,0.6757631566752514,-1.1630621324079848,-1.1067530499663194,1.567762523590862,-0.01681708661169874,-1.146621739414609,-0.39074249063588257,-0.3890809345461768,0.5240046259400327,1
-0.7558480744994831,-1.488334464490364,-0.818520277502462,-0.7445316416647813,-1.9603976587840735,-1.3873302371788703,-1.2001093936409892,-1.137145189248061,-1.7643764333386256,-1.3273396564755215,-0.37549797160786036,-0.1919196715720423,-0.4348185930071859,-0.40860727409349196,-0.8384835923153091,-1.0803876387736127,-1.0413662011732494,-0.5149406243739598,-1.0601387983979953,-1.2062932542891167,-0.5438968714068313,-0.9747022806338409,-0.6469929226193163,-0.5761167825601226,-1.63406299600966,-1.1588293745919132,-1.1679524251247508,-0.8716344745310637,-1.4502757714002568,-1.2940516952099788,1
-0.9213990971095541,-0.6642790364705494,-0.8980746024703886,-0.9112076698610082,0.5377193530120788,0.07565462220702909,-0.6297788985630258,-0.5394793931687886,-0.8584430067134977,0.7697197015680404,-0.897161918040058,-1.101483293427405,-0.844796895927445,-0.7203570476483557,-0.4195964068304399,-0.27218057219452896,-0.49624879627640067,-0.6011914554638427,-0.3204883155902745,-0.21048268319598074,-0.928975213122464,-1.0082483261076034,-0.9055890826929635,-0.8808186812252732,0.580322894842669,0.31846819018726125,-0.10995041390171001,-0.23566657400518914,0.19484972954749882,0.6978888649448162,1
-0.47013905160790836,-1.8000739079348096,-0.5169899823801245,-0.5188507865428098,-0.0888274687423751,-0.933690152234709,-0.9047511073968715,-0.6555142612451847,0.683420158601426,-1.149854163932772,-0.02541420374828397,-0.788438022265565,-0.001587789324285291,-0.20123722973443503,0.054777061605000614,-0.8650865759554143,-0.6139736818409784,-0.16303723352723815,0.22299399569018075,-1.1931904836168388,-0.46415842691015985,-1.8888320197938573,-0.4813341447219741,-0.5101934667493788,-0.4113186046661531,-0.996008944065176,-1.0342801280078613,-0.7369220621044004,-0.034893482554930584,-1.3587752730617588,1
-1.2017677644330622,0.8630025779239441,-1.2263817191672959,-1.0836833177977998,-1.873091954113371,-1.2755536027804062,-1.3544439914469897,-1.4660338280633245,0.1860449439837092,-0.5627867655221398,-0.8405705608968075,0.9157251391906444,-0.7366931643116553,-0.7236569059756773,-0.2764280965011878,-0.36326948338684384,-0.9398498143458239,-1.1742419772250237,1.2177702972054922,-0.843159324228838,-1.3062741943993974,0.5801569270750302,-1.295869932315515,-1.124085001540975,-1.850459340182136,-1.0890491900804544,-1.464733365638526,-1.6853914309921272,0.21399499722270146,-1.0337083484778173,1
-0.8439639413725856,-1.1475960030510857,-0.8790591784536643,-0.8557330462556074,-0.10863632610463479,-0.7196723309220102,-1.1959122600565213,-1.2007056902325839,-0.5244910768987449,-0.12316885322394525,-1.1578433823275842,-0.6258784599909148,-1.1297420149222719,-0.8426254825133274,-1.3844412159153756,-0.9440302989887537,-0.9325986438581507,-1.1207664619492963,-0.201501064008163,-0.9550008310386404,-1.0301068988255597,-0.8623230282967383,-1.0628245329006103,-0.9625264529343639,-0.9365524497449793,-0.7503600018419109,-0.9499054156432999,-1.1257083500613514,0.286473510564539,-0.5077085254883474,1
-0.10432469519533125,-1.6889110056212866,-0.14871166826030763,-0.2150011436132283,-0.41457312314398787,-0.6091317730492796,-0.7355466648916138,-0.3278574150846602,-0.23672398844135037,-0.7744040835538788,-0.658454757324113,-0.7824885872630483,-0.7322058396030754,-0.5546694242659935,-0.5863977636016019,-0.8170578773267391,-0.9048735802288117,-0.19408753271959586,-0.4169644655217165,-0.787472548871656,-0.3221850989038911,-1.494665985477153,-0.3718308847559348,-0.4334376812044756,-0.7222570409528181,-0.755465869001286,-0.9977809546816185,-0.2873585462154203,-0.49848246411876246,-0.8762465098234858,1
-1.0816097641515585,-1.5197500673180986,-1.0785270956903197,-1.0027407988099195,0.2075717303077412,-0.6744672465523311,-0.8006621945020708,-1.1122629776223372,-0.7376518831634801,-0.3375167172948043,-0.8032443466108337,-0.9331492795326648,-0.7827902272270676,-0.69482656480013,-0.4935781174312018,-0.8656386299626403,-0.6301821805781304,-1.4050492012215499,-0.6753061558936885,-0.7444205880913135,-1.0495552999223088,-1.2514571557923782,-1.0574897586971366,-0.9598957102846394,0.41644993517807594,-0.6380309243356602,-0.3621265205193883,-1.413930255718398,-0.4656620052469866,-0.28214202655714277,1
-1.4928171428927035,-0.176128900224208,-1.4433127809091062,-1.2929739432181753,0.8752035895542898,0.02091409035312111,-0.8145726943820212,-1.0336746062500008,0.13986010262634987,2.0366930637193583,-0.592531846609369,1.0452128421865985,-0.7040580755219831,-0.6941318577838519,1.6957325036802322,0.4151266668020281,0.3376358098060245,0.28201705489655704,0.2455050973408507,1.3005475489749478,-1.5552137284377863,-0.907610189686317,-1.5421118784442758,-1.2820843100920765,-0.39871299238426156,-0.6987340116748967,-1.1940232632149244,-1.4784668998111714,-0.9634389648022507,0.06804151032749044,1
-0.8813464303490529,-0.83585655960664,-0.884104086866265,-0.8539679445954356,-1.454904965354544,-0.7092539716336856,-0.7049675487762057,-0.7836206973380215,-1.096472573709119,-0.7375417120257695,-0.5013234358944493,0.0040617167461579696,-0.44828056713292574,-0.5089924379456988,-0.5165261480342159,0.2660720848509675,0.31801499554526147,0.006014395408932081,-0.20257302122962378,0.025367188905025206,-1.0534449801416585,-1.1910742739396065,-1.0339044411659897,-0.9468967466036476,-1.8550813980188299,-0.8331885135384391,-0.9067700289850129,-1.1401194453442036,-1.5036090170668919,-0.884940721773725,1
-0.7638586078515831,-0.19062840922162463,-0.7358613935113962,-0.7667214911069417,-1.2788262332455642,-0.12035179830212554,-0.37998949123598685,-1.091568861022725,-1.0005502108899884,0.19357448731388469,-0.7508672394676124,-0.7859882549115875,-0.16231560161342157,-0.6263979236967226,-0.6850400444026177,2.0216038278301247,1.6564957596816554,-0.021585870539830476,-0.570254348190563,1.9280766729579812,-0.7228221614969234,-0.4463520644220888,-0.35217645347997883,-0.7263786127296814,-0.8146981976866917,1.3419108963553221,1.2997709039196712,-0.313987744020691,-0.3316451315205696,1.7411942989735154,1
-1.0228658529028238,-0.7246936572931164,-1.064168510208304,-0.9603783589657953,-0.9846280183468102,-1.1275775844140352,-1.2061052987616574,-1.1359133965933224,0.29617802722048914,-0.9464284840183903,-0.5907257394664993,0.906975970069296,-0.6885564083468886,-0.5920099263909494,-0.3565749496520131,-0.37817494158194986,-0.7423620534168403,-0.5270157407265436,0.5574446487858458,-0.8169537828842818,-0.9834307361933617,0.12057610408448972,-1.0821981865869095,-0.9171848296185238,-0.6508252380220981,-0.8428329292839253,-1.1551540136986658,-0.9465095130658833,0.5025415314703953,-0.960773570450811,1
-0.5075215405843763,-0.09396501590551688,-0.5208706811590481,-0.5763426691884072,-0.8041473179351056,-0.32342151324404295,-0.9840169730921056,-1.0361381915594785,-1.3380548208091532,-0.3839359999598311,-0.5497873108947862,-0.42814723784844466,-0.41523753973338245,-0.501350660766638,-0.9665815541888502,0.161733877485225,-0.4173389997928976,-0.0526361697321882,-0.48020994158788394,-0.5937387253601154,-0.5263933104197571,-0.15114686425298246,-0.4336019544803674,-0.5793665234803704,-1.0163879941969607,0.0841656194292739,-0.6171467185650855,-0.3421833652262716,-0.7569435777339955,-0.496116242888029,1
-0.3019178512138035,-0.2800420480390232,-0.40095708889031934,-0.39529367033078083,-1.1783146236666884,-1.3348852760156098,-1.3576817802121506,-1.3118133876900249,-1.3060806998694434,-1.3983338534926213,-1.0428545608982136,-0.3459050481077714,-1.0120517259745159,-0.7509241563645986,-1.128587800087741,-1.2127149843057208,-1.2679439519410165,-1.271877918018771,-0.14361537404929803,-1.1665169861768439,-0.6178007955744779,-0.3926783916640695,-0.708763992343749,-0.6511703228610864,-1.4701900363450662,-1.2941348543153512,-1.4405111869765648,-1.5383042737030146,-0.6037814363323758,-1.3524961199865864,1
-0.8893569637011535,2.0567954853778687,-0.9500759661079604,-0.8549765741155338,-1.2846955243158633,-1.5323043554113172,-1.3516858750914822,-1.4202111413070406,-1.2208163773635485,-0.8918175632360053,-0.8715754001827372,0.18254476682166215,-0.9341354514891732,-0.7141046845018514,0.6527958889611593,-0.9727371073645135,-1.0541623843867907,-0.7762806425763045,-0.17255821902873053,-1.070118030516512,-1.0281620587158848,1.314815322950419,-1.1074681696559958,-0.941171012601306,-0.6760364625858819,-1.2575428063398302,-1.39770761098488,-1.4217623727199482,-0.9306185059304752,-1.159774421756285,1
-1.345957364770866,-1.4400027678323102,-1.3327128657097935,-1.1928674633484295,0.22224495798348995,-0.673584334748236,-0.9439643268860419,-0.9664187273012614,-0.3788311926178412,0.8420791716047001,-1.1147978287558564,-0.7702397504931607,-0.9839039618934236,-0.8523513807412229,0.1667771512644873,-0.6172143267108728,-0.4442109845413338,-0.639141821143391,0.31089448784993895,-0.5127823208492543,-1.407405880102493,-1.3856413376874266,-1.3416366794295262,-1.1805685937262365,0.09710775737015011,-0.6073957213794101,-0.7181119642597573,-0.7557191429081209,0.2919435870431684,0.09412414617820787,1
-0.8199323413162849,-0.6038644156479824,-0.9011791614935272,-0.8148835506916307,-0.7659969259781605,-1.6149449002746366,-1.283932147227931,-1.0693965932374265,-1.476609344881232,-0.5832658608155337,-1.0431555787553584,1.8886327454845684,-1.0593726047195409,-0.79399599137385,-0.8826671139240974,-1.3829684401342657,-1.0477642927800201,-0.3734892613865522,0.657136670381669,-1.0462522696491485,-1.1390179449673545,-0.8975463760441886,-1.209671212290966,-1.0166888016051627,-1.7849101563162986,-1.5991253193020194,-1.578781431902085,-1.6543762476659882,-1.5049765361865495,-1.3119231308854702,1
-0.502181185016309,1.6749750817792455,-0.5154377028685555,-0.562474013287057,-1.3235795776565966,-0.4452633422091931,-0.2684656559915577,-0.7035541747799986,-1.9206943579327649,-0.2201032376126779,-0.58711352518076,1.8571357366477141,-0.6779500044902451,-0.519586719943942,-0.213064131403313,-0.0828260477159595,0.021570084431560492,-0.6374168045215934,-0.9357917607085814,-0.19831582471457965,-0.662532118097001,2.0763105552048176,-0.7031484405506186,-0.6791799946022711,-1.3189226889623642,-0.48485490955440946,-0.3554903071873441,-1.152180905526591,-1.6376258907933092,-0.5260629729388525,1
-1.161715097672561,-0.17854548505711104,-1.1538126520014313,-1.0771272259171614,0.6330953329044426,-0.26514933417375375,-0.7705627507963162,-0.8686143905149998,0.39210039003962066,0.22224522072463673,-0.08621981089156376,0.7529905935335672,0.06490620408467226,-0.3740456000336491,0.857615624791046,-0.3257298108954656,0.15678308705464425,-0.3941894608481238,1.4353776131619662,0.49051554777089795,-1.135128264748005,-0.3272636029902334,-1.0847251848938182,-1.0197837929577798,-0.15500448826768645,-0.7878030276773277,-0.8806991908948394,-1.2007400309362022,0.11006354412874525,-0.433807723911315,1
-1.6209856765263073,0.08727884656218417,-1.6548108643604238,-1.3608042784447791,-1.4013476843380621,-1.589163875595054,-1.5615425543148709,-1.6624062130817865,-0.8975224878620323,0.20313139845080203,-1.039543364469619,0.13704908739065128,-1.0536614641813484,-0.8384572404156578,-0.41274624844148045,-1.3389145303576189,-1.532142481356594,-1.7729952466509897,-0.6570828831288607,-0.7495681051411371,-1.564937928986161,0.1306399177266187,-1.6179218276515341,-1.2791440683070903,-1.1298385047339867,-1.4587139724192062,-1.7493321145356198,-2.035643703301451,-1.0099346148705997,-0.3980648525603316,1
-1.1216624309120597,-1.5149168976522933,-1.0758106065450737,-1.04434676651397,1.0953020046905149,0.008553325095786907,-1.1462661656573885,-1.0496879107616053,0.3992057502484454,2.114513625834256,-0.4040946680366306,-1.06543671664745,-0.3042782378484965,-0.6052093597002361,1.110043961424201,0.9638683499848212,-0.4309882618873413,-0.4666401589636254,1.1459491633676406,2.5317400360736517,-1.1681905466124785,-1.9542468084676927,-1.1591312461527936,-1.0728628946551624,0.12231898193393329,-0.43322891938739544,-1.3613506422300379,-1.4931912797740858,-0.493012387640133,0.7123792181952145,1
-1.9691768595642631,-1.229759887369777,-1.940042224611283,-1.5534525167835347,1.0806287770147671,-0.8318021300421122,-1.0956607264389484,-1.3155087656542415,-0.8300215658781998,1.8332673838049756,-1.0955326858985797,-1.1833755164032245,-0.9843119005032944,-0.8842036974375804,0.45619634319802305,-0.43172418028288634,-0.2305147248751982,-0.5873913224894615,-0.3751581338847582,-0.09676935200442445,-1.853163233239983,-1.432605801350693,-1.7706648364246764,-1.4213589209598447,1.3828802101231148,-0.5200286610967708,-0.643691571893262,-0.7948797279158719,-0.22087608282832605,0.6206069809426902,1
-0.705114696602848,1.761972135763742,-0.7738922415448443,-0.7183072741422282,-1.8415445146105123,-1.4454258338883406,-1.4387464174435851,-1.514320100129086,-1.640032629684196,-0.7197931627714947,-1.088308257327101,-0.19716917304485143,-0.9655467244492328,-0.7809702348186329,-0.6805874414497941,-0.9892987275812978,-1.3003609494153205,-1.4880225007300172,-0.6602987547932418,-1.0897721865249295,-0.8686851697225418,1.2527551388239595,-0.8544875613754785,-0.8082411340064029,-1.2054721784253382,-1.0345866070471208,-1.4317893065973066,-1.5340749305221777,-0.538140518588825,-0.8810766275736182,1
-1.00417460841459,0.31443782085503563,-1.0082864477918092,-0.964412877046188,0.0681760673881322,-0.48764310880576717,-0.9472021156512027,-1.0942788048631507,-1.178184216110602,0.6427493107489965,-0.7090257573244645,0.68824674203559,-0.7391407959708808,-0.6656488701164437,1.5107782271783274,0.09935177466867008,-0.28767100989568156,-0.42351474341868395,-0.19185344901501883,0.6248189471617486,-1.0845624218964571,0.08703005861072778,-1.1282457112905775,-1.005701582303372,0.2399713632315901,-0.534778944001632,-1.0077352746796846,-1.1560969640273662,-1.1207036635628427,0.09509016972823407,1
-1.0282062084708905,-0.7198604876273111,-1.0696014884987968,-0.9750034870072191,-1.0073715212442196,-1.1005604832087192,-1.1252804977350495,-1.215240843558502,0.3103887476381386,-0.08494120867627583,-0.9344881323260318,-0.4906163053748712,-0.9312798812200769,-0.7531819541675028,-0.48330287984776243,-0.7911113389871101,-0.7700871170461793,-1.0145054380465608,-0.2776100267318562,-0.7154073101741263,-1.0826175817867822,-0.49331652808535587,-1.1495848081044726,-0.9883696307287163,-0.7474682655166018,-0.8468041592967726,-0.8868613889888803,-1.153434044246839,0.03484999254759261,-0.3637710165343881,1
-1.9838628373764473,-1.5632485943103474,-1.9951481472719932,-1.5627823398444427,-0.6522794114911102,-1.5248878962569168,-1.591162325610972,-1.7895025791977373,-0.5706759182561042,0.5922342090252898,-0.9332840608974518,-0.8318339011074524,-0.9512688731037512,-0.8426254825133274,0.7682210578151252,-1.2113900546883782,-1.6206067613062078,-2.3814086091590227,0.7000149592400874,-0.2872274828478954,-1.9243443812540848,-1.8653497879622238,-1.9425007212944618,-1.4603558120028197,-0.9785711573512854,-1.4608130511402828,-1.8078729964290094,-2.4396242982414096,-0.6776274687938713,-0.500946360638162,1
-1.327266120282632,0.36760268717889516,-1.3327128657097935,-1.1815203812473247,-0.33827233923009664,-0.8330382065678457,-1.0126773995688998,-1.2334713748486366,0.5235495539028748,0.35740724966103693,-0.7538774180390618,0.357528149248627,-0.7232311901859155,-0.7299092691221816,-1.176196400891009,0.03089707777262739,-0.15117838895124364,-0.6149915884382237,0.9154783607536409,0.3323463875126834,-1.3879574790057438,0.016583363115827785,-1.396669087002203,-1.1858300790256855,-1.2937114643985805,-0.8502080707363558,-1.0665131641920758,-1.4350769716225833,0.11143106324840242,-0.4120721940357168,1
-1.9285901572469557,-1.3119237716884682,-1.9051159356009737,-1.527984621401055,-1.2722232807914768,-0.9206230575340986,-1.0250289641174763,-1.202922917011114,0.16828154346164784,0.45161108801065136,0.023049671252052917,-0.10967748183136901,0.20809265614935976,-0.5157658313544117,1.3703499802046595,-0.05301513132574746,-0.24970899969550972,0.21646642326824614,0.8350815691441059,0.07543849111694485,-1.7845103773684585,-1.7546478378988088,-1.7484834068418122,-1.3941229970568145,-1.596246159163984,-1.153156188859274,-1.3603552102302314,-1.6936934750137704,-0.8936954896997275,-0.7023622708187023,1
-0.3312898068381713,-0.9615189709175792,-0.4246293514417512,-0.43689963803483145,-0.8092829476216176,-1.0308104506851912,-1.1899163549358531,-1.0807290856610234,-1.1000252538135318,-0.8017095439450719,-0.6852453466100134,-1.0400641261955403,-0.8790637391566011,-0.6244874794019575,-0.4017859950191454,-0.7342497762428165,-0.9974326388067587,-0.9529223446483844,-0.5434554176540514,-0.8632814363326936,-0.553621071955206,-1.2782939921713878,-0.708763992343749,-0.6582888029721058,-0.7432663947559711,-0.9818259797335788,-1.229574406065161,-1.1910282058542798,-0.7692512498109114,-0.9941013829267277,1
-0.8893569637011535,0.11869444938991879,-0.9240752842891745,-0.8562373610156566,-0.9376736897844155,-1.1143339073526057,-1.2179771909005805,-1.0839317465633445,-0.6701509611796476,-0.00439010052225974,0.6040141355418054,0.8492314538683977,0.5511690270507906,-0.10814648955314982,-0.8076578795649915,-0.6652430253395479,-0.6924569388840301,0.6494455953394573,1.4096506398469153,0.8714318094578398,-1.0515001400319837,-0.7818125191597093,-1.0810750762282832,-0.9646929468811958,-1.9164287111240361,-1.351831153216289,-1.5620486940005736,-1.6919704092734293,-1.2424128652123438,-0.9728488648261432,1
-1.7179131300867199,-0.5869483218176644,-1.720782743602119,-1.4066969216092469,-0.7931423971782945,-1.1749016571135429,-1.2376437596963723,-1.4165157633428243,1.262507015620626,0.16763429994225265,-0.4600839894655912,0.15279759180907831,-0.48866648951014535,-0.6451550131362354,0.19589032441756488,-0.5553842779015439,-0.462978719921194,-0.6765746818364002,-0.1050249140767214,-0.0466980497925046,-1.559103408657136,-0.42622443713783137,-1.590967179044509,-1.2653713567879443,-0.6760364625858819,-0.9863645283196899,-1.2025555374989814,-1.4120505476380258,0.11826865884668902,-0.17443040072918004,1
